"image","xmin","ymin","xmax","ymax","label"
"video_00_00003.jpg",39.915259409759,221.01696466995497,127.3728968733448,345.76271186440675,"head"
"video_00_00003.jpg",75.84745762711864,61.69491784047272,164.66103246656513,183.72882907673463,"head"
"video_00_00003.jpg",90.08476128012447,351.18643550549524,225.67795575675316,497.6271289890095,"head"
"video_00_00003.jpg",275.8474576271186,65.76271703687765,345.00003103482516,144.4067744885461,"head"
"video_00_00003.jpg",432.4576167737023,86.77966877565545,507.71189544160484,166.77967653436176,"head"
"video_00_00003.jpg",528.0508784924522,126.10171043266682,655.0847457627119,271.1864406779661,"head"
"video_00_00004.jpg",534.1525320279396,123.38983568094544,640.5932410288665,278.64408331402274,"head"
"video_00_00004.jpg",427.7118747517214,79.32203907077594,509.0678069551112,164.06780178264034,"head"
"video_00_00004.jpg",256.8644378144862,66.44068572480799,322.6271289890095,145.76271186440675,"head"
"video_00_00004.jpg",93.47459178859904,61.69491784047272,197.88135593220338,161.35592703091896,"head"
"video_00_00004.jpg",42.6271341614804,223.72881355932202,133.47457627118644,326.77966618942,"head"
"video_00_00004.jpg",105.67797644663665,347.1186492402675,227.71187475172138,492.20337948556676,"head"
"video_00_00001.jpg",103.64408331402277,65.0847483489473,167.37288135593218,155.9322033898305,"head"
"video_00_00001.jpg",43.30508991823357,220.33898305084745,116.94915254237287,335.59322033898303,"head"
"video_00_00001.jpg",101.61016431905455,343.7288187317929,220.93221373477223,496.9491732322564,"head"
"video_00_00001.jpg",296.86439643471925,67.11864148156117,353.8135593220339,142.37288135593218,"head"
"video_00_00001.jpg",429.74579374668957,79.32203907077594,486.01694915254234,162.71186440677965,"head"
"video_00_00001.jpg",535.5084952661547,124.06780436887578,646.6948945643538,250.16950187036545,"head"
"video_00_00002.jpg",534.1525320279396,130.1694966978946,643.3050640558793,263.05084228515625,"head"
"video_00_00002.jpg",436.5254547636388,81.35593220338983,515.1695122153072,170.16950704283633,"head"
"video_00_00002.jpg",300.2542269431938,69.15254754535222,363.9830508474576,143.7288187317929,"head"
"video_00_00002.jpg",108.3898253360037,71.86440936589645,184.32203389830505,160.0000155174126,"head"
"video_00_00002.jpg",46.01696466995498,227.1186440677966,130.7627273818194,326.77966618942,"head"
"video_00_00002.jpg",88.72882390426376,343.0508629750397,209.40681069584215,486.7796817068326,"head"
"video_00_00005.jpg",102.28814593816207,333.5593272063692,231.10170526019596,491.52542372881356,"head"
"video_00_00005.jpg",48.050857802568856,224.40679517842955,127.3728968733448,313.89829991227487,"head"
"video_00_00005.jpg",82.62711864406779,61.01694915254237,190.42373915850106,168.1355880478681,"head"
"video_00_00005.jpg",268.3898408534163,63.05085521633342,339.5762815313824,150.50847974874205,"head"
"video_00_00005.jpg",401.2711864406779,80.0000077587063,492.7966101694915,160.0000155174126,"head"
"video_00_00005.jpg",524.6610479839777,113.22034415552172,646.6948945643537,270.5084849212129,"head"
"video_00_00009.jpg",84.66101177668168,351.18643550549524,239.91528527211335,480.0000206898835,"head"
"video_00_00009.jpg",46.69492042670815,216.94915254237287,121.94914736990201,335.59322033898303,"head"
"video_00_00009.jpg",98.22033381057997,75.93220856230137,193.1355880478681,183.72882907673463,"head"
"video_00_00009.jpg",271.7796713618909,67.79661016949152,355.16952256024894,151.18643550549524,"head"
"video_00_00009.jpg",445.33898305084745,80.67796351545948,505.00002068988346,155.9322033898305,"head"
"video_00_00009.jpg",478.55933237884,128.13559063410355,595.8474886619438,269.8305033021054,"head"
"video_00_00009.jpg",552.4576478085276,197.96610686738612,618.2203389830509,269.8305033021054,"head"
"video_00_00007.jpg",107.03391382249735,349.83052399198885,215.50846423132944,476.6101901814089,"head"
"video_00_00007.jpg",50.76270669193591,221.01696466995497,134.15255789029396,332.20338983050846,"head"
"video_00_00007.jpg",114.49153059619968,77.2881330069849,199.9152749271716,169.49152542372883,"head"
"video_00_00007.jpg",269.74575236692266,65.0847483489473,349.067817300053,140.33898822331832,"head"
"video_00_00007.jpg",430.42374950344276,68.47457885742188,507.71189544160484,155.9322033898305,"head"
"video_00_00007.jpg",540.2542372881355,132.88135851843882,639.9152335474046,269.1525475453522,"head"
"video_00_00006.jpg",519.9152542372881,113.89831284345206,663.6440471067267,285.4237443309719,"head"
"video_00_00006.jpg",442.62710829912606,75.25423987437102,517.2033794855668,166.10169491525423,"head"
"video_00_00006.jpg",287.3729123907574,71.1864406779661,366.01696984242585,154.5762660139698,"head"
"video_00_00006.jpg",111.1017000877251,73.22034674175714,189.74575753939354,160.67797127416577,"head"
"video_00_00006.jpg",50.08475093518273,227.79662568690412,128.05085263009798,320.0000051724709,"head"
"video_00_00006.jpg",98.22033381057997,341.0169439800715,229.06778626522774,494.23729848053495,"head"
"video_00_00008.jpg",534.1525320279396,130.84746538582493,647.3729020458156,256.2711812682071,"head"
"video_00_00008.jpg",438.5593220338983,78.6440703828456,525.339003740731,155.9322033898305,"head"
"video_00_00008.jpg",277.20342086533367,68.47457885742188,337.5423625364142,145.76271186440678,"head"
"video_00_00008.jpg",104.32203907077594,73.22034674175714,214.83050847457628,162.71186440677965,"head"
"video_00_00008.jpg",50.76270669193591,215.59321516651218,122.62712898900952,332.20338983050846,"head"
"video_00_00008.jpg",79.91526975470074,347.1186492402675,216.1864717127913,485.4237184686176,"head"
"video_00_00010.jpg",545.6779867915784,191.86440160719013,606.0169801873676,277.9661016949152,"head"
"video_00_00010.jpg",429.0677862652277,77.2881330069849,509.74576271186436,162.0339086500265,"head"
"video_00_00010.jpg",311.7796817068326,76.61017725023173,375.5085056110964,161.35592703091896,"head"
"video_00_00010.jpg",107.03391382249735,80.0000077587063,194.49152542372883,183.72882907673466,"head"
"video_00_00010.jpg",48.050857802568856,227.1186440677966,120.59323585639565,334.91526458222984,"head"
"video_00_00010.jpg",485.33899339578915,130.84746538582493,577.5423728813558,251.52543924622614,"head"
"video_00_00010.jpg",112.4576374635858,347.79660499702067,220.25425797801904,480.0000206898835,"head"
"video_00_00012.jpg",544.3220235533634,188.47457109871556,610.0847664525953,271.18644067796606,"head"
"video_00_00012.jpg",446.6949462890625,136.2711890269134,557.8813455872616,276.61016431905455,"head"
"video_00_00012.jpg",444.66102729409425,78.6440703828456,511.1017259500794,154.5762660139698,"head"
"video_00_00012.jpg",220.25425797801907,66.44068572480799,290.0847354177701,148.47458661612816,"head"
"video_00_00012.jpg",99.57627118644068,76.61017725023173,193.81356966697564,187.7966153419624,"head"
"video_00_00012.jpg",46.01696466995498,225.7627066919359,128.72880838685117,327.45762194617316,"head"
"video_00_00012.jpg",111.1017000877251,343.7288187317929,247.37290204581566,505.08474576271186,"head"
"video_00_00014.jpg",572.796630859375,195.2542321156647,650.0847250728284,290.8474679720604,"head"
"video_00_00014.jpg",488.7288239042638,113.89831284345206,583.644078141552,249.49152025125792,"head"
"video_00_00014.jpg",435.8474472821769,65.76271703687765,494.1525734077066,140.33898822331832,"head"
"video_00_00014.jpg",193.1355880478681,56.27119419938427,300.9322344246557,162.71186440677965,"head"
"video_00_00014.jpg",90.08476128012447,67.11864148156117,185.0000155174126,174.91524906481726,"head"
"video_00_00014.jpg",60.932198217359634,227.79662568690412,121.949147369902,346.4406934835143,"head"
"video_00_00014.jpg",77.88135075973251,351.86441712460277,233.1356242551642,492.8813869670286,"head"
"video_00_00011.jpg",77.88135075973251,349.1525423728813,202.62714967889298,476.6101901814089,"head"
"video_00_00011.jpg",43.30508991823358,226.44068831104343,122.62712898900952,320.0000051724709,"head"
"video_00_00011.jpg",104.32203907077594,73.22034674175714,180.93220338983048,185.08474059024098,"head"
"video_00_00011.jpg",236.52545476363875,61.69491784047272,315.8474679720604,149.15254237288136,"head"
"video_00_00011.jpg",445.33898305084745,80.67796351545948,500.9322344246557,151.18643550549524,"head"
"video_00_00011.jpg",483.30507440082096,120.00000517247086,593.8135696669756,270.5084849212129,"head"
"video_00_00013.jpg",69.74577822927701,353.22035450046343,209.40681069584213,483.38985119835803,"head"
"video_00_00013.jpg",43.30508991823358,218.98304567498676,136.864406779661,325.4237288135593,"head"
"video_00_00013.jpg",101.61016431905455,80.67796351545948,184.32203389830508,181.6949100817664,"head"
"video_00_00013.jpg",256.18643033302436,61.69491784047272,329.40679000595867,160.67797127416577,"head"
"video_00_00013.jpg",441.9491525423729,79.32203907077594,502.2881459381621,152.5423728813559,"head"
"video_00_00013.jpg",458.22034932799255,114.57626860020524,576.1864613678496,254.2372881355932,"head"
"video_00_00013.jpg",565.3390140856726,194.57627635891154,649.4068210407838,284.0678069551112,"head"
"video_00_00015.jpg",90.76271703687765,353.8983102572166,210.7627222093485,491.5254237288135,"head"
"video_00_00015.jpg",100.93220856230137,234.57628670385327,187.71186440677965,346.4406934835143,"head"
"video_00_00015.jpg",174.83052399198888,60.33898046461202,257.5423935712394,170.16950704283633,"head"
"video_00_00015.jpg",441.9491525423729,73.22034674175714,502.2881459381621,159.32203389830505,"head"
"video_00_00015.jpg",502.9661016949152,134.9152516510527,625,284.0678069551112,"head"
"video_00_00019.jpg",507.71189544160484,148.47458661612816,617.5423832262976,282.7118695792505,"head"
"video_00_00019.jpg",437.2034105203919,75.93220856230137,509.0678069551112,161.35592703091896,"head"
"video_00_00019.jpg",216.1864717127913,65.0847483489473,279.9152438923464,149.83052399198885,"head"
"video_00_00019.jpg",153.13560356528072,64.40677966101694,241.27119678561968,170.1695070428363,"head"
"video_00_00019.jpg",98.22033381057997,256.2711812682071,203.98306119239936,354.5762660139698,"head"
"video_00_00019.jpg",94.15254754535222,357.28816662804553,195.16948118048197,470.5084849212129,"head"
"video_00_00017.jpg",103.64408331402277,344.4067744885461,210.08476645259532,493.5593427237818,"head"
"video_00_00017.jpg",64.32202872583422,219.66102729409428,146.35594254833157,338.9830508474576,"head"
"video_00_00017.jpg",146.35594254833157,60.33898046461202,222.96613272974048,162.71186440677965,"head"
"video_00_00017.jpg",222.96613272974045,64.40677966101694,286.01694915254234,149.83052399198885,"head"
"video_00_00017.jpg",431.77966101694915,77.2881330069849,518.5593427237818,165.42373915850106,"head"
"video_00_00017.jpg",563.9830508474575,130.84746538582493,662.2881355932202,296.2711916131488,"head"
"video_00_00016.jpg",541.6102005263506,140.33898822331832,658.8983050847457,276.61016431905455,"head"
"video_00_00016.jpg",446.01693880760064,80.0000077587063,511.10172595007947,159.32203389830508,"head"
"video_00_00016.jpg",229.06778626522774,65.0847483489473,296.86439643471925,147.11864924026747,"head"
"video_00_00016.jpg",168.0508629750397,67.11864148156117,262.9660913499735,184.4067848334878,"head"
"video_00_00016.jpg",71.77967136189089,223.72881355932202,140.25423728813558,328.8135593220339,"head"
"video_00_00016.jpg",100.93220856230137,346.4406934835143,212.79664120431673,477.2881459381621,"head"
"video_00_00018.jpg",554.4915150787871,143.0508629750397,650.7627325542902,271.18644067796606,"head"
"video_00_00018.jpg",446.6949462890625,80.0000077587063,534.8305395094014,193.22033898305085,"head"
"video_00_00018.jpg",243.30511578058793,71.86440936589645,301.6101901814089,147.79660499702067,"head"
"video_00_00018.jpg",157.20338983050846,69.15254754535222,252.1186440677966,163.38984602588718,"head"
"video_00_00018.jpg",90.08476128012447,240.6779661016949,166.01694398007152,345.76271186440675,"head"
"video_00_00018.jpg",81.94916288731461,350.50847974874205,216.18647171279133,480.67797644663665,"head"
"video_00_00020.jpg",88.05084228515625,343.0508629750397,220.25425797801907,477.2881459381621,"head"
"video_00_00020.jpg",104.32203907077594,248.81356449450476,192.45763229111492,343.0508629750397,"head"
"video_00_00020.jpg",144.3220494157177,75.25423987437102,223.64408848649362,168.1355880478681,"head"
"video_00_00020.jpg",206.69493594412074,53.559319447662865,294.15257340770654,148.47458661612816,"head"
"video_00_00020.jpg",439.2372777906515,75.93220856230137,508.3898511983581,160.00001551741258,"head"
"video_00_00020.jpg",528.0508784924523,115.93220597606594,643.3050640558791,287.4576374635858,"head"
"video_00_00025.jpg",432.4576167737023,77.96610169491525,502.9661016949152,151.86441712460277,"head"
"video_00_00025.jpg",547.7118540618379,132.20338983050846,667.7118850966631,291.5254237288135,"head"
"video_00_00025.jpg",207.37289170087394,65.76271703687765,299.57627118644064,160.67797127416577,"head"
"video_00_00025.jpg",116.52542372881355,75.25423987437102,222.2881252482786,158.64407814155192,"head"
"video_00_00025.jpg",103.64408331402277,231.8644119521319,188.38984602588715,349.83052399198885,"head"
"video_00_00025.jpg",81.27118126820709,353.8983102572166,210.7627222093485,486.1017259500794,"head"
"video_00_00021.jpg",537.5423625364142,150.50847974874205,641.9491525423729,277.9661016949152,"head"
"video_00_00021.jpg",442.62710829912606,85.42373139979475,532.1186647576801,170.8474627995895,"head"
"video_00_00021.jpg",230.4237495034428,60.33898046461202,301.6101901814089,138.30508215952727,"head"
"video_00_00021.jpg",171.44069348351428,90.16949928413003,230.42374950344276,173.5593375513109,"head"
"video_00_00021.jpg",91.44067279363082,252.20339500297933,194.4915254237288,349.83052399198885,"head"
"video_00_00021.jpg",111.77965584447828,349.83052399198885,266.3559218584481,495.5932099940413,"head"
"video_00_00024.jpg",82.62711864406779,245.4237339860302,193.1355880478681,359.99998965505824,"head"
"video_00_00024.jpg",59.576286703853285,345.08475610765356,211.4406779661017,488.13559322033893,"head"
"video_00_00024.jpg",139.57628153138242,75.93220856230137,208.05084745762713,157.9660965224444,"head"
"video_00_00024.jpg",185.0000155174126,54.91525682352357,284.661037639036,150.50847974874205,"head"
"video_00_00024.jpg",429.74579374668957,71.86440936589645,479.2372881355932,149.83052399198885,"head"
"video_00_00024.jpg",526.6949152542372,125.42372881355932,660.254216598252,270.5084849212129,"head"
"video_00_00022.jpg",107.03391382249735,351.18643550549524,228.38983050847457,475.2542269431939,"head"
"video_00_00022.jpg",86.01694915254237,256.2711812682071,185.00001551741258,341.0169439800715,"head"
"video_00_00022.jpg",147.71187992419226,69.83051623328257,225,170.8474627995895,"head"
"video_00_00022.jpg",202.627149678893,51.52542631504899,272.45762711864404,146.44069348351428,"head"
"video_00_00022.jpg",436.864406779661,73.55932462013374,494.4915254237288,150.84745762711864,"head"
"video_00_00022.jpg",528.7288342492055,126.10169750148967,665.0000620696504,291.5254237288135,"head"
"video_00_00023.jpg",523.3050847457627,127.45763487735036,647.3729020458156,282.0339138224973,"head"
"video_00_00023.jpg",431.10170526019596,73.22034674175714,501.6101901814089,154.5762660139698,"head"
"video_00_00023.jpg",206.01698018736758,64.40677966101694,288.7288239042638,138.30508215952727,"head"
"video_00_00023.jpg",168.0508629750397,82.03390089132017,230.42374950344276,176.27118644067795,"head"
"video_00_00023.jpg",100.25425280554819,261.01694915254234,206.69493594412074,353.8983102572166,"head"
"video_00_00023.jpg",111.1017000877251,348.47458661612814,228.38983050847457,483.389851198358,"head"
"video_00_00030.jpg",75.16950187036547,356.61015914658367,212.79664120431676,481.3559322033898,"head"
"video_00_00030.jpg",43.30508991823358,237.28813559322032,128.05085263009798,320.0000051724709,"head"
"video_00_00030.jpg",130.08474576271186,82.03390089132017,192.45763229111492,164.06780178264034,"head"
"video_00_00030.jpg",172.11864924026747,65.0847483489473,248.05085780256883,155.25424763307734,"head"
"video_00_00030.jpg",436.5254547636388,82.71186957925053,501.6949152542373,158.47457627118644,"head"
"video_00_00030.jpg",522.6271289890095,129.49152800996424,620.9322137347722,304.40679000595867,"head"
"video_00_00026.jpg",94.8305033021054,262.37288652840306,193.81356966697564,376.9491421974311,"head"
"video_00_00026.jpg",100.25425280554819,352.5423728813559,238.5593220338983,511.1864510229078,"head"
"video_00_00026.jpg",144.3220494157177,84.06779402393406,228.38983050847457,174.23729330806407,"head"
"video_00_00026.jpg",191.10169491525423,58.305087331998145,277.20342086533367,153.22035450046346,"head"
"video_00_00026.jpg",439.2372777906515,76.61017725023173,516.9491525423729,162.71186440677965,"head"
"video_00_00026.jpg",548.5593116889563,124.40678224725238,655.9322033898304,283.0508474576271,"head"
"video_00_00029.jpg",529.4067900059587,119.32203648454052,667.7118850966631,286.10170008772513,"head"
"video_00_00029.jpg",435.8474472821769,80.67796351545948,501.61019018140894,143.0508629750397,"head"
"video_00_00029.jpg",184.32203389830508,57.62711864406779,244.66102729409428,141.01694398007152,"head"
"video_00_00029.jpg",123.30508474576271,63.728810973086595,220.93221373477223,181.01695432501322,"head"
"video_00_00029.jpg",46.01696466995498,240.00001034494173,149.06779143769862,332.881371449616,"head"
"video_00_00029.jpg",74.49152025125794,344.4067744885461,234.49153576867053,487.4576374635858,"head"
"video_00_00028.jpg",75.16950187036547,344.4067744885461,190.42373915850106,501.0169594974841,"head"
"video_00_00028.jpg",32.457642636056676,229.15253720041048,125.33897787837658,350.50847974874205,"head"
"video_00_00028.jpg",135.50846940380032,73.89830249851032,216.18647171279133,174.23729330806407,"head"
"video_00_00028.jpg",191.10169491525423,42.711872165485964,281.27120713056144,165.42373915850106,"head"
"video_00_00028.jpg",455.50847457627117,80.0000077587063,523.9830405025159,164.06780178264034,"head"
"video_00_00028.jpg",540.9321930448888,134.2372958942995,647.3729020458156,287.4576374635858,"head"
"video_00_00027.jpg",542.2881562831038,131.52542114257812,660.9322240797139,275.25425280554816,"head"
"video_00_00027.jpg",441.2711967856197,71.86440936589645,502.2881459381621,142.37288135593218,"head"
"video_00_00027.jpg",209.40681069584215,61.01694915254237,280.59325137380824,149.83052399198885,"head"
"video_00_00027.jpg",126.01695949748411,73.89830249851032,233.1356242551642,162.0339086500265,"head"
"video_00_00027.jpg",32.457642636056676,241.35594772080242,104.99999482752914,365.423739158501,"head"
"video_00_00027.jpg",64.32202872583422,349.1525423728813,196.52544441869702,477.9661016949152,"head"
"video_00_00035.jpg",424.3220442432468,76.61017725023173,483.30507440082096,156.61018500893803,"head"
"video_00_00035.jpg",534.8305395094014,130.1694966978946,637.2034105203919,290.16948635295284,"head"
"video_00_00035.jpg",170.76271186440678,71.86440936589645,253.47460730601165,152.54237288135593,"head"
"video_00_00035.jpg",113.13559322033898,75.93220856230137,182.2881407656912,176.27118644067795,"head"
"video_00_00035.jpg",96.1864406779661,238.64407296908104,201.27118644067798,365.42373915850106,"head"
"video_00_00035.jpg",90.08476128012447,353.22035450046343,222.2881252482786,490.8474679720604,"head"
"video_00_00032.jpg",86.6949307716499,349.83052399198885,218.22033898305085,482.033887960143,"head"
"video_00_00032.jpg",37.881366277145126,231.1864561953787,121.94914736990202,332.881371449616,"head"
"video_00_00032.jpg",109.06780695511122,71.1864406779661,180.9322033898305,172.2034001754502,"head"
"video_00_00032.jpg",166.69492559917902,83.38983826718088,237.20341052039194,168.1355880478681,"head"
"video_00_00032.jpg",463.4745969610698,84.5762737726761,521.1017156051375,157.79662051443324,"head"
"video_00_00032.jpg",554.4915150787871,139.66103246656513,666.3559735831568,295.5932358563956,"head"
"video_00_00034.jpg",97.5423780538268,354.5762660139698,226.35596323821505,482.71189544160484,"head"
"video_00_00034.jpg",43.983045674986755,246.10168974278335,145.00000517247088,337.6271134715969,"head"
"video_00_00034.jpg",111.77965584447828,85.42373139979475,185.67797127416577,172.88135593220338,"head"
"video_00_00034.jpg",163.98305084745763,61.69491784047272,257.5423935712394,153.22035450046346,"head"
"video_00_00034.jpg",423.1355828753971,80.67796351545941,495.7627118644067,164.40677966101688,"head"
"video_00_00034.jpg",546.6949462890624,128.6440703828456,674.8305498543431,280.50847457627117,"head"
"video_00_00033.jpg",565.3390140856726,146.44069348351428,652.7966515492584,282.0339138224973,"head"
"video_00_00033.jpg",425.67795575675314,76.61017725023173,511.77968170683255,158.64407814155192,"head"
"video_00_00033.jpg",173.47458661612816,79.32203907077594,240.59324102886652,141.69492559917902,"head"
"video_00_00033.jpg",108.3898253360037,80.0000077587063,192.45763229111492,174.91524906481726,"head"
"video_00_00033.jpg",54.830518819518005,242.71185923430878,139.5762815313824,341.694925599179,"head"
"video_00_00033.jpg",107.03391382249735,353.22035450046343,215.50846423132944,469.15257340770654,"head"
"video_00_00031.jpg",536.1864510229078,133.55932720636918,671.7797230865996,282.71186957925056,"head"
"video_00_00031.jpg",441.2711967856197,77.2881330069849,519.237298480535,153.22035450046346,"head"
"video_00_00031.jpg",176.1864355054952,73.22034674175714,232.4576167737023,153.89831025721662,"head"
"video_00_00031.jpg",129.40679000595867,69.83051623328257,199.2373191704184,185.7627222093485,"head"
"video_00_00031.jpg",34.49153576867055,242.71185923430878,132.79662051443327,343.0508629750397,"head"
"video_00_00031.jpg",77.7118747517214,346.94914736990194,199.74577305680612,506.2712071305613,"head"
"video_00_00060.jpg",460.2542683229608,77.2881330069849,523.9830405025159,155.25424763307734,"head"
"video_00_00060.jpg",627.3728710109904,126.6101772502317,702.6270979541843,215.42373915850104,"head"
"video_00_00060.jpg",528.5593323788399,131.52543407375524,615.3389623609639,298.30508474576266,"head"
"video_00_00060.jpg",178.89831025721662,69.83051623328257,267.03392933990995,151.18643550549524,"head"
"video_00_00060.jpg",114.49153059619968,82.03390089132017,189.06780178264034,148.47458661612816,"head"
"video_00_00060.jpg",59.576286703853285,218.30508991823356,168.7288187317929,344.40677448854603,"head"
"video_00_00060.jpg",76.52543924622616,353.22035450046343,199.2373191704184,492.88138696702856,"head"
"video_00_00061.jpg",46.69492042670815,225.0847509351827,122.62712898900952,313.89829991227487,"head"
"video_00_00061.jpg",64.32202872583422,78.6440703828456,129.40679000595867,157.9660965224444,"head"
"video_00_00061.jpg",182.2881407656912,54.91525682352357,243.9830715373411,139.66103246656513,"head"
"video_00_00061.jpg",80.59322551145391,359.99998965505824,220.93221373477223,476.6101901814089,"head"
"video_00_00061.jpg",553.8135593220338,139.66103246656513,632.457668498411,276.61016431905455,"head"
"video_00_00061.jpg",587.0339086500264,102.37288394216763,652.7966515492584,202.71187475172138,"head"
"video_00_00061.jpg",477.20342086533367,75.93220856230137,533.4745762711864,147.11864924026747,"head"
"video_00_00062.jpg",62.96611721232786,222.37287618346133,157.20338983050846,326.77966618942,"head"
"video_00_00062.jpg",62.28813559322034,80.0000077587063,127.37289687334481,157.2881407656912,"head"
"video_00_00062.jpg",171.44069348351428,68.47457885742188,242.62710829912604,157.2881407656912,"head"
"video_00_00062.jpg",452.7965998245498,71.86440936589645,529.4067900059587,161.35592703091896,"head"
"video_00_00062.jpg",542.2881562831038,136.2711890269134,644.661079018803,266.4406727936308,"head"
"video_00_00062.jpg",618.898294739804,113.22034415552172,698.8983671543962,213.5593220338983,"head"
"video_00_00062.jpg",76.52543924622616,349.1525423728813,220.93221373477223,498.98304050251585,"head"
"video_00_00059.jpg",76.52543924622616,351.86441712460277,208.72880321438026,513.8983257746293,"head"
"video_00_00059.jpg",524.4915461136121,128.98306119239928,632.2033898305085,282.2033898305084,"head"
"video_00_00059.jpg",618.2203389830509,102.37288394216763,671.7797230865996,218.98304567498676,"head"
"video_00_00059.jpg",446.6949462890625,71.1864406779661,508.38985119835803,148.4745866161282,"head"
"video_00_00066.jpg",467.71188509666314,80.67796351545948,533.4745762711864,151.86441712460277,"head"
"video_00_00066.jpg",611.4406779661017,117.96609910867981,688.0508681475106,203.38983050847457,"head"
"video_00_00066.jpg",551.7796920517743,139.66103246656513,657.5423935712394,277.2881459381621,"head"
"video_00_00066.jpg",168.7288187317929,74.57627118644068,229.74579374668963,164.74575753939354,"head"
"video_00_00066.jpg",46.01696466995498,80.0000077587063,134.83051364704713,187.11865958520923,"head"
"video_00_00066.jpg",69.74577822927701,233.22034932799258,162.6271134715969,332.20338983050846,"head"
"video_00_00066.jpg",96.1864406779661,339.66103246656513,243.98307153734112,488.8135489770921,"head"
"video_00_00070.jpg",612.1186337228548,118.64406779661016,694.1525216829979,227.1186440677966,"head"
"video_00_00070.jpg",542.966112039857,129.49152800996424,641.2712485103284,264.4067796610169,"head"
"video_00_00070.jpg",453.47460730601165,73.22034674175714,522.6271289890095,164.74575753939354,"head"
"video_00_00070.jpg",174.83052399198888,71.86440936589645,250.08477679753707,151.86441712460277,"head"
"video_00_00070.jpg",48.050857802568856,84.06779402393406,124.6610221216234,168.1355880478681,"head"
"video_00_00070.jpg",29.067812127582098,218.98304567498676,147.71187992419226,353.2203545004635,"head"
"video_00_00070.jpg",98.8983154296875,347.1186492402675,231.10170526019596,493.55934272378175,"head"
"video_00_00069.jpg",94.15254754535222,347.1186492402675,212.79664120431673,483.38985119835803,"head"
"video_00_00069.jpg",40.59321516651218,244.06779661016947,134.15255789029396,341.694925599179,"head"
"video_00_00069.jpg",52.11864406779661,86.1017000877251,125.33897787837658,170.16950704283633,"head"
"video_00_00069.jpg",182.9660965224444,65.0847483489473,243.98307153734112,153.22035450046346,"head"
"video_00_00069.jpg",451.4406883110434,78.6440703828456,512.4576374635858,157.2881407656912,"head"
"video_00_00069.jpg",535.5084952661547,139.66103246656513,635.8474990068856,275.25425280554816,"head"
"video_00_00069.jpg",612.7966412043168,106.44068313857255,681.9492146120233,218.98304567498673,"head"
"video_00_00071.jpg",93.47459178859904,332.20338983050846,210.08476645259532,494.9152542372881,"head"
"video_00_00071.jpg",65.00001034494173,223.05085780256886,136.18645102290782,327.45762194617316,"head"
"video_00_00071.jpg",62.96611721232786,72.5423780538268,125.33897787837658,168.1355880478681,"head"
"video_00_00071.jpg",171.44069348351428,71.1864406779661,260.93222407971393,170.8474627995895,"head"
"video_00_00071.jpg",439.2372777906515,73.89830249851032,502.96610169491527,160.67797127416577,"head"
"video_00_00071.jpg",534.1525320279396,125.42372881355932,624.3220442432469,277.96610169491527,"head"
"video_00_00071.jpg",635.1694915254237,107.11865182650291,692.7966101694915,220.33898305084745,"head"
"video_00_00067.jpg",162.6271134715969,63.05085521633342,220.93221373477223,149.15254237288133,"head"
"video_00_00067.jpg",65.00001034494173,87.45762453240863,132.79662051443324,179.66101694915255,"head"
"video_00_00067.jpg",60.932198217359634,231.8644119521319,153.13560356528072,328.1356035652807,"head"
"video_00_00067.jpg",84.66101177668168,343.0508629750397,208.05084745762713,486.7796817068326,"head"
"video_00_00067.jpg",463.6440988314354,70.50847199003574,518.5593427237818,152.5423728813559,"head"
"video_00_00067.jpg",538.220370017876,128.81355932203388,633.1355725304554,265.08476128012444,"head"
"video_00_00067.jpg",607.3728917008739,107.79660758325609,692.1187061374469,221.69492042670817,"head"
"video_00_00068.jpg",535.8474472821769,133.72881614555743,623.3050847457627,267.28813042074944,"head"
"video_00_00068.jpg",600.5932306839247,115.93220597606594,688.0508681475105,208.81355414956303,"head"
"video_00_00068.jpg",469.06779661016947,82.37287876969677,519.9152542372881,143.3898408534163,"head"
"video_00_00068.jpg",184.15255789029396,78.98304826122218,248.55931168895657,149.4915331824351,"head"
"video_00_00068.jpg",54.152537200410485,78.6440703828456,113.8135748394465,162.0339086500265,"head"
"video_00_00068.jpg",48.050857802568856,229.15253720041048,162.62711347159694,335.59322033898303,"head"
"video_00_00068.jpg",80.59322551145391,341.0169439800715,249.40676931607518,499.66104798397777,"head"
"video_00_00073.jpg",62.96611721232786,226.44068831104343,166.01694398007152,328.8135593220339,"head"
"video_00_00073.jpg",50.76270669193591,73.22034674175714,112.4576374635858,181.01695432501322,"head"
"video_00_00073.jpg",142.28813042074947,60.33898046461202,214.15255271782308,148.4745866161282,"head"
"video_00_00073.jpg",80.59322551145391,338.3050950907044,241.27119678561968,506.44070900092686,"head"
"video_00_00073.jpg",435.8474472821769,73.89830249851032,500.2542269431939,167.45763229111492,"head"
"video_00_00073.jpg",517.2033794855668,115.93220597606594,610.7627222093486,272.54237805382684,"head"
"video_00_00073.jpg",629.0678379899364,110.50848233497749,709.7457627118644,226.44068831104343,"head"
"video_00_00075.jpg",123.30508474576271,342.3728813559322,246.6949462890625,499.6610479839777,"head"
"video_00_00075.jpg",64.32202872583422,230.50847457627117,145.00000517247088,329.4915409411414,"head"
"video_00_00075.jpg",35.16949152542373,77.2881330069849,103.64408331402277,165.42373915850106,"head"
"video_00_00075.jpg",147.71187992419226,73.22034674175714,222.2881252482786,156.610185008938,"head"
"video_00_00075.jpg",448.0508578025688,71.86440936589645,517.8813869670286,160.0000155174126,"head"
"video_00_00075.jpg",540.2542372881355,127.45763487735036,620.254257978019,273.8983154296875,"head"
"video_00_00075.jpg",646.6948945643538,114.57626860020524,707.0339396848517,216.94915254237287,"head"
"video_00_00074.jpg",625.6779557567531,113.22034415552172,700.2542786679026,215.59321516651218,"head"
"video_00_00074.jpg",530.762701519465,138.30508215952727,618.898294739804,259.6610117766817,"head"
"video_00_00074.jpg",461.7796817068325,77.79661275572695,517.3728813559321,162.54238839876854,"head"
"video_00_00074.jpg",145.00000517247085,74.57627118644068,223.64408848649362,166.10169491525423,"head"
"video_00_00074.jpg",43.983045674986755,82.71186957925053,109.7457627118644,187.7966153419624,"head"
"video_00_00074.jpg",60.932198217359634,224.40679517842955,136.18645102290782,313.22034415552173,"head"
"video_00_00074.jpg",82.62711864406779,336.94915771484375,225,488.135593220339,"head"
"video_00_00072.jpg",618.898294739804,117.28814335192664,708.389851198358,214.915259409759,"head"
"video_00_00072.jpg",520.5932099940413,125.42372881355932,616.1864717127913,259.6610117766817,"head"
"video_00_00072.jpg",419.57630222126585,69.15254754535222,488.0508681475105,151.86441712460277,"head"
"video_00_00072.jpg",172.11864924026747,73.22034674175714,254.830518819518,156.610185008938,"head"
"video_00_00072.jpg",37.881366277145126,75.25423987437102,145.67796092922404,184.4067848334878,"head"
"video_00_00072.jpg",62.28813559322034,218.98304567498676,129.4067900059587,334.2372829631223,"head"
"video_00_00072.jpg",90.08476128012447,347.79660499702067,211.4406779661017,496.2712174755032,"head"
"video_00_00076.jpg",639.2373295153601,126.10169750148967,705.0000206898834,225.08475093518274,"head"
"video_00_00076.jpg",547.7118540618379,129.49152800996424,647.3729020458156,272.5423780538268,"head"
"video_00_00076.jpg",442.62710829912606,78.6440703828456,521.9491732322564,159.32203389830508,"head"
"video_00_00076.jpg",192.45763229111492,61.69491784047272,275.1695018703655,149.15254237288136,"head"
"video_00_00076.jpg",38.559322033898304,85.42373139979475,122.62712898900952,170.8474627995895,"head"
"video_00_00076.jpg",65.6779661016949,222.37287618346133,142.96611203985697,332.20338983050846,"head"
"video_00_00076.jpg",100.93220856230137,338.3050950907044,216.1864717127913,482.71189544160484,"head"
"video_00_00080.jpg",103.64408331402277,338.3050950907044,233.13562425516417,485.42371846861755,"head"
"video_00_00080.jpg",73.13560873775158,227.1186440677966,140.25423728813558,317.28813042074944,"head"
"video_00_00080.jpg",67.71185923430879,79.32203907077594,134.15255789029396,170.8474627995895,"head"
"video_00_00080.jpg",190.42373915850106,63.728810973086595,264.32205458818856,139.66103246656513,"head"
"video_00_00080.jpg",457.54239357123936,80.0000077587063,505.0000206898834,150.50847974874205,"head"
"video_00_00080.jpg",633.4745762711864,125.59321775274759,705.3390244306144,207.62711864406776,"head"
"video_00_00080.jpg",532.1186647576801,129.49152800996424,623.6440884864936,264.4067796610169,"head"
"video_00_00081.jpg",534.8305395094014,130.84746538582493,616.8644274695445,242.0339034775556,"head"
"video_00_00081.jpg",633.1355725304555,115.25423728813558,696.1864406779662,217.6271341614804,"head"
"video_00_00081.jpg",456.18643033302436,82.71186957925053,514.491556458554,149.15254237288136,"head"
"video_00_00081.jpg",185.67797127416577,69.15254754535222,275.8474576271186,143.0508629750397,"head"
"video_00_00081.jpg",77.88135075973251,85.42373139979475,154.4915409411414,156.610185008938,"head"
"video_00_00081.jpg",52.79662568690413,221.69492042670814,132.79662051443324,330.1694966978946,"head"
"video_00_00081.jpg",100.25425280554819,334.91526458222984,207.37289170087394,479.32206493313026,"head"
"video_00_00079.jpg",193.13558804786808,61.694917840472705,259.3220338983051,144.91525423728814,"head"
"video_00_00079.jpg",56.1864561953787,83.38983826718088,110.42374433097191,162.0339086500265,"head"
"video_00_00079.jpg",69.0677966101695,218.30508991823356,153.81355932203388,335.59322033898303,"head"
"video_00_00079.jpg",458.89830508474574,81.35593220338983,516.5254237288135,135.59322033898303,"head"
"video_00_00079.jpg",635.1694915254237,124.74576012562896,692.118706137447,226.4406883110434,"head"
"video_00_00079.jpg",536.864406779661,129.49152800996424,633.1355725304554,254.2372881355932,"head"
"video_00_00079.jpg",102.96610169491525,353.8983102572166,236.52545476363878,494.23729848053495,"head"
"video_00_00085.jpg",165.33898822331832,71.1864406779661,247.45762711864407,168.81356966697564,"head"
"video_00_00085.jpg",39.237303653005824,74.57627118644068,111.1017000877251,170.16950704283633,"head"
"video_00_00085.jpg",60.254242460606456,228.47458144365729,144.3220494157177,363.3898201635328,"head"
"video_00_00085.jpg",96.1864406779661,340.3389882233183,219.5763022212659,488.8135489770922,"head"
"video_00_00085.jpg",532.1186647576801,141.0169439800715,623.6440884864936,248.13560873775157,"head"
"video_00_00085.jpg",622.9661327297405,116.61017466399629,709.7457627118645,222.37287618346133,"head"
"video_00_00085.jpg",443.4745659262447,89.99999741376456,518.0508371126854,148.98306636487024,"head"
"video_00_00088.jpg",176.1864355054952,71.1864406779661,254.83051881951798,165.42373915850106,"head"
"video_00_00088.jpg",55.50847457627118,75.25423987437102,121.27119161314883,160.67797127416577,"head"
"video_00_00088.jpg",44.661027294094275,221.69492042670814,138.8982999122749,340.3389882233183,"head"
"video_00_00088.jpg",112.4576374635858,341.0169439800715,254.1525630627648,522.0338983050848,"head"
"video_00_00088.jpg",522.6271289890095,130.1694966978946,614.8305084745763,245.4237339860302,"head"
"video_00_00088.jpg",446.01693880760064,77.2881330069849,514.491556458554,145.76271186440678,"head"
"video_00_00088.jpg",638.5593220338983,121.35592961715439,702.2881976628707,235.25424246060646,"head"
"video_00_00090.jpg",437.5423625364142,78.9830482612222,507.37289170087394,147.45762711864407,"head"
"video_00_00090.jpg",221.61016949152543,63.05085521633342,288.0508681475106,143.7288187317929,"head"
"video_00_00090.jpg",53.47458144365731,83.38983826718088,119.23729848053495,173.5593375513109,"head"
"video_00_00090.jpg",54.152537200410485,225.0847509351827,136.864406779661,326.77966618942,"head"
"video_00_00090.jpg",118.55931686142743,336.27120195809056,241.27119678561968,480.67797644663665,"head"
"video_00_00090.jpg",510.42371846861755,124.74576012562896,606.6949359441207,258.3051002631753,"head"
"video_00_00090.jpg",625,109.83051364704714,697.5423521914724,219.66102729409428,"head"
"video_00_00092.jpg",452.7965998245498,70.50847199003574,503.64405745166846,156.610185008938,"head"
"video_00_00092.jpg",531.4407090009269,139.66103246656513,625,267.7966101694915,"head"
"video_00_00092.jpg",625.6779557567531,116.61017466399629,696.1864406779661,220.33898305084745,"head"
"video_00_00092.jpg",250.76273255429024,62.37288652840307,317.2033794855667,151.86441712460277,"head"
"video_00_00092.jpg",50.76270669193591,85.42373139979475,115.16948635295284,169.4915254237288,"head"
"video_00_00092.jpg",47.37287618346133,228.47458144365729,131.44068313857255,320.677960929224,"head"
"video_00_00092.jpg",93.47459178859904,347.79660499702067,242.62710829912604,496.9491732322564,"head"
"video_00_00094.jpg",629.0678379899364,121.35592961715439,701.6101901814088,221.69492042670814,"head"
"video_00_00094.jpg",517.2033794855668,124.06780436887578,635.1694915254237,267.7966101694915,"head"
"video_00_00094.jpg",433.81358001191734,76.61017725023173,519.9152542372881,152.54237288135593,"head"
"video_00_00094.jpg",256.18643033302436,61.69491784047272,331.4407090009269,130.1694966978946,"head"
"video_00_00094.jpg",52.79662568690413,74.57627118644068,107.71186957925053,168.81356966697564,"head"
"video_00_00094.jpg",47.37287618346133,231.1864561953787,148.38983568094545,331.52543407375526,"head"
"video_00_00094.jpg",108.3898253360037,340.3389882233183,218.89829473980402,492.20337948556676,"head"
"video_00_00093.jpg",104.99999482752912,347.79660499702067,230.42374950344276,465.08473541777016,"head"
"video_00_00093.jpg",56.86441195213188,229.15253720041048,120.59323585639565,313.89829991227487,"head"
"video_00_00093.jpg",42.6271341614804,87.45762453240863,115.84746797206037,172.2034001754502,"head"
"video_00_00093.jpg",243.9830715373411,62.37288652840307,308.38985119835803,135.59322033898303,"head"
"video_00_00093.jpg",403.98306119239936,73.22034674175714,477.20342086533367,146.44069348351428,"head"
"video_00_00093.jpg",508.38985119835803,119.32203648454052,608.0508474576271,256.9491628873146,"head"
"video_00_00093.jpg",641.9491525423729,126.10169750148967,704.3220132084216,218.3050899182336,"head"
"video_00_00091.jpg",403.98306119239936,70.50847199003574,470.4237598483845,146.44069348351428,"head"
"video_00_00091.jpg",229.06778626522774,69.83051623328257,292.11865441273835,132.88135851843882,"head"
"video_00_00091.jpg",46.01696466995498,85.42373139979475,114.49153059619968,166.10169491525423,"head"
"video_00_00091.jpg",46.01696466995498,215.59321516651218,129.4067900059587,324.0677914376986,"head"
"video_00_00091.jpg",83.9830560199285,353.22035450046343,217.54238322629766,480.67797644663665,"head"
"video_00_00091.jpg",520.5932099940413,131.52542114257812,604.6610169491526,241.35594772080242,"head"
"video_00_00091.jpg",612.1186337228548,105.08474576271186,690.7626911745233,226.44068831104343,"head"
"video_00_00101.jpg",43.30508991823358,227.1186440677966,120.59323585639565,314.5762815313824,"head"
"video_00_00101.jpg",37.881366277145126,89.49153059619968,114.49153059619968,171.5254185563427,"head"
"video_00_00101.jpg",178.22035450046346,56.27119419938427,241.2711967856197,149.15254237288136,"head"
"video_00_00101.jpg",90.76271703687765,317.96611203985697,201.94914219743114,473.22035967293425,"head"
"video_00_00101.jpg",422.28812524827856,128.81355932203388,520.5932099940412,240.6779661016949,"head"
"video_00_00101.jpg",454.1525630627648,78.6440703828456,521.2712174755031,151.86441712460274,"head"
"video_00_00101.jpg",626.355963238215,123.38983568094544,700.932182699947,227.1186440677966,"head"
"video_00_00095.jpg",50.76270669193591,236.61017983646715,139.57628153138242,322.03389830508473,"head"
"video_00_00095.jpg",42.6271341614804,82.71186957925053,110.42374433097191,172.8813559322034,"head"
"video_00_00095.jpg",108.3898253360037,343.0508629750397,228.38983050847457,473.8983154296875,"head"
"video_00_00095.jpg",253.47460730601165,61.69491784047272,322.6271289890095,135.59322033898303,"head"
"video_00_00095.jpg",444.32202355336335,73.55932462013372,501.271186440678,140.0000103449417,"head"
"video_00_00095.jpg",526.0169594974841,133.55932720636918,619.4915254237288,251.6949152542373,"head"
"video_00_00095.jpg",623.6440884864936,110.50848233497749,702.2881976628707,218.3050899182336,"head"
"video_00_00099.jpg",33.13559839280985,362.7118644067796,171.44069348351428,499.6610479839777,"head"
"video_00_00099.jpg",43.983045674986755,215.59321516651218,135.5084694038003,315.2542372881356,"head"
"video_00_00099.jpg",41.2711967856197,89.49153059619968,109.74576271186439,168.1355880478681,"head"
"video_00_00099.jpg",174.83052399198888,65.0847483489473,250.08477679753707,149.15254237288136,"head"
"video_00_00099.jpg",446.01693880760064,67.11864148156117,515.1695122153072,145.0847561076536,"head"
"video_00_00099.jpg",395.8474886619438,124.06780436887578,565.3390140856726,277.2881459381621,"head"
"video_00_00099.jpg",616.8644274695445,129.49152800996424,706.3559322033898,223.72881355932202,"head"
"video_00_00098.jpg",178.22035450046346,73.89830249851032,239.91528527211335,144.40677448854606,"head"
"video_00_00098.jpg",54.152537200410485,80.67796351545948,141.61017466399628,162.0339086500265,"head"
"video_00_00098.jpg",43.983045674986755,227.1186440677966,130.08474576271186,338.3050950907044,"head"
"video_00_00098.jpg",378.89833611957096,140.33898822331832,502.2881459381621,248.13560873775157,"head"
"video_00_00098.jpg",443.98307153734106,71.1864406779661,509.74576271186436,149.15254237288136,"head"
"video_00_00098.jpg",635.8474990068855,132.88135851843882,711.7796817068325,237.96611721232784,"head"
"video_00_00098.jpg",115.84746797206037,349.1525423728813,219.57630222126588,469.83052916445973,"head"
"video_00_00100.jpg",635.1694915254237,132.88135851843882,705.6780281713453,226.4406883110434,"head"
"video_00_00100.jpg",432.4576167737023,123.38983568094544,540.2542372881355,245.4237339860302,"head"
"video_00_00100.jpg",446.6949462890625,80.0000077587063,517.2033794855668,141.01694398007152,"head"
"video_00_00100.jpg",172.11864924026747,68.47457885742188,258.89830508474574,140.33898822331832,"head"
"video_00_00100.jpg",40.59321516651218,85.42373139979475,117.20340534792108,158.6440781415519,"head"
"video_00_00100.jpg",96.35594254833157,344.0677966101694,236.0169491525423,489.15255271782297,"head"
"video_00_00100.jpg",43.30508991823358,219.66102729409428,133.47457627118644,315.9322189072431,"head"
"video_00_00106.jpg",441.2711967856197,116.61017466399629,523.3050847457627,221.01696466995497,"head"
"video_00_00106.jpg",515.8474679720604,97.62711605783235,587.7118644067797,195.2542321156647,"head"
"video_00_00106.jpg",280.59325137380824,88.81356190826934,350.4237288135593,153.89831025721662,"head"
"video_00_00106.jpg",157.88137144961598,85.42373139979475,226.35596323821503,142.37288135593218,"head"
"video_00_00106.jpg",205.33897270590572,51.52542631504899,246.6949462890625,111.18643809173065,"head"
"video_00_00106.jpg",106.35593220338983,65.0847483489473,154.4915409411414,128.13559063410355,"head"
"video_00_00106.jpg",58.22034932799258,75.25423987437102,126.0169594974841,132.20338983050846,"head"
"video_00_00105.jpg",209.40681069584215,114.57626860020524,282.62711864406776,200.67798161910753,"head"
"video_00_00105.jpg",187.03390865002646,67.11864148156117,250.76273255429024,128.81355932203388,"head"
"video_00_00105.jpg",125.33897787837658,67.79661016949152,192.45763229111492,120.67797386040121,"head"
"video_00_00105.jpg",267.71188509666314,88.13559322033898,321.2712174755032,171.5254185563427,"head"
"video_00_00105.jpg",427.7118747517214,104.40677707478152,530.0847457627118,222.37287618346133,"head"
"video_00_00105.jpg",564.6610066042108,111.86440677966101,635.1694915254237,213.5593220338983,"head"
"video_00_00103.jpg",193.81356966697564,131.52542114257812,307.03388796014303,262.37288652840306,"head"
"video_00_00103.jpg",216.1864717127913,71.86440936589645,290.76274289923197,141.01694398007152,"head"
"video_00_00103.jpg",48.728813559322035,86.77966877565545,110.42374433097193,175.5932306839248,"head"
"video_00_00103.jpg",48.050857802568856,212.2033846580376,136.864406779661,329.4915409411414,"head"
"video_00_00103.jpg",379.23728813559313,107.2881407656912,455.1695225602488,225.25425280554816,"head"
"video_00_00103.jpg",456.8644378144862,72.5423780538268,515.8474679720604,149.83052399198885,"head"
"video_00_00103.jpg",616.1864717127913,130.84746538582493,696.1864406779662,228.47458144365729,"head"
"video_00_00104.jpg",446.6949462890625,113.22034415552172,547.0338983050848,202.71187475172138,"head"
"video_00_00104.jpg",466.3559218584481,82.71186957925053,513.8135489770922,141.01694398007152,"head"
"video_00_00104.jpg",216.8644274695445,120.00000517247086,328.72883424920553,240.6779661016949,"head"
"video_00_00104.jpg",211.44067796610167,65.0847483489473,274.4915461136123,122.03389830508475,"head"
"video_00_00104.jpg",75.16950187036547,80.0000077587063,157.88137144961598,160.67797127416577,"head"
"video_00_00104.jpg",621.6101694915254,131.52542114257812,697.5423521914724,215.59321516651218,"head"
"video_00_00104.jpg",40.59321516651218,223.72881355932202,132.79662051443324,327.45762194617316,"head"
"video_00_00102.jpg",408.0508474576271,132.88135851843882,512.4576374635858,245.4237339860302,"head"
"video_00_00102.jpg",448.728813559322,78.6440703828456,510.42371846861755,155.9322033898305,"head"
"video_00_00102.jpg",629.745742021981,126.77966618942001,702.2881976628707,230.50847457627117,"head"
"video_00_00102.jpg",214.15255271782308,70.50847199003574,294.15257340770654,131.52542114257812,"head"
"video_00_00102.jpg",44.661027294094275,86.1017000877251,112.4576374635858,159.32203389830508,"head"
"video_00_00102.jpg",33.13559839280985,208.81355414956303,137.54238839876854,310.5084694038003,"head"
"video_00_00102.jpg",84.66101177668168,329.4915409411414,201.27118644067798,488.8135489770922,"head"
"video_00_00109.jpg",43.30508991823358,80.67796351545948,97.5423780538268,138.30508215952727,"head"
"video_00_00109.jpg",127.3728968733448,80.0000077587063,185.00001551741258,150.50847974874205,"head"
"video_00_00109.jpg",472.45762711864404,136.2711890269134,619.5763022212659,277.9661016949152,"head"
"video_00_00108.jpg",288.7288239042638,84.7457627118644,370.7627118644068,178.30507957329183,"head"
"video_00_00108.jpg",198.55931168895657,82.03390089132017,252.7965998245498,152.5423728813559,"head"
"video_00_00108.jpg",77.20339500297933,77.2881330069849,153.81355932203388,147.79660499702067,"head"
"video_00_00110.jpg",467.03392933990995,107.79660758325609,547.7118540618379,204.0678121275821,"head"
"video_00_00110.jpg",588.3898201635328,160.0000155174126,739.5763332560911,415.5932410288665,"head"
"video_00_00107.jpg",76.52543924622616,88.81356190826934,124.6610221216234,150.50847974874205,"head"
"video_00_00107.jpg",102.79662568690412,60.00000258623543,163.13559322033896,112.88135334596794,"head"
"video_00_00107.jpg",180.9322033898305,61.69491784047272,216.8644274695445,121.35592961715439,"head"
"video_00_00107.jpg",211.44067796610167,73.89830249851032,274.4915461136123,155.2542476330773,"head"
"video_00_00107.jpg",396.525444418697,112.54237546759136,493.4745659262447,206.10170526019596,"head"
"video_00_00107.jpg",458.89830508474574,86.77966877565545,545.0000310348252,189.83050847457628,"head"
"video_00_00111.jpg",574.1525423728814,202.71187475172138,731.4406572762182,447.45762711864404,"head"
"video_00_00111.jpg",456.8644378144862,97.62711605783235,552.4576478085276,205.42372364108843,"head"
"video_00_00111.jpg",293.4745659262447,105.7627144506422,414.8305084745763,218.30508991823356,"head"
"video_00_00114.jpg",446.6949462890625,115.93220597606594,559.9152645822298,296.27119161314886,"head"
"video_00_00114.jpg",698.8983671543962,242.0339034775556,800,504.40679000595867,"head"
"video_00_00114.jpg",296.86439643471925,77.2881330069849,362.6271393339513,173.5593375513109,"head"
"video_00_00114.jpg",184.32203389830508,78.6440703828456,247.37290204581566,151.86441712460274,"head"
"video_00_00116.jpg",599.2373191704185,183.72882907673463,751.7796403270656,356.61015914658367,"head"
"video_00_00116.jpg",379.57629187632415,120.00000517247086,489.4067796610169,247.45762711864404,"head"
"video_00_00116.jpg",218.89829473980402,71.1864406779661,307.71189544160484,159.32203389830508,"head"
"video_00_00116.jpg",146.35594254833157,80.0000077587063,237.8813662771451,185.7627222093485,"head"
"video_00_00112.jpg",323.98304050251585,138.30508215952727,441.2711967856196,283.3898253360037,"head"
"video_00_00112.jpg",586.3559528932733,151.86441712460274,765.3389623609639,330.1694966978946,"head"
"video_00_00112.jpg",301.6101901814089,82.71186957925053,360.59322033898303,143.05086297503973,"head"
"video_00_00112.jpg",222.96613272974045,67.79661016949152,309.74576271186436,135.59322033898303,"head"
"video_00_00115.jpg",210.7627222093485,97.62711605783235,277.88137662208686,164.06780178264034,"head"
"video_00_00115.jpg",258.8983050847457,97.79661792819782,412.79664120431664,270.0000051724709,"head"
"video_00_00115.jpg",600.5932306839247,238.64407296908104,800,447.45762711864404,"head"
"video_00_00113.jpg",271.7796713618909,89.49153059619968,347.7118540618379,205.42372364108843,"head"
"video_00_00113.jpg",210.7627222093485,54.91525682352357,280.59325137380824,121.3559296171544,"head"
"video_00_00113.jpg",431.10170526019596,111.86440677966101,579.5762918763241,279.9999948275291,"head"
"video_00_00113.jpg",370.08475610765356,88.81356190826934,464.3220545881885,194.57627635891154,"head"
"video_00_00121.jpg",142.966112039857,100.33899080955375,251.44068831104343,219.66102729409425,"head"
"video_00_00121.jpg",402.627149678893,188.47457109871556,535.5084952661546,381.01698018736755,"head"
"video_00_00121.jpg",538.220370017876,306.4406831385725,732.11866475768,553.2203286381091,"head"
"video_00_00121.jpg",331.4407090009269,95.59322292521848,431.77966101694915,190.5084900936838,"head"
"video_00_00121.jpg",246.01693880760064,58.305087331998145,315.16951221530724,146.4406934835143,"head"
"video_00_00121.jpg",114.49153059619968,50.847457627118644,169.4067744885461,118.64406779661016,"head"
"video_00_00121.jpg",49.406795178429554,86.1017000877251,121.94914736990202,172.2034001754502,"head"
"video_00_00119.jpg",399.2373191704184,200,546.3559425483315,403.3898305084746,"head"
"video_00_00119.jpg",179.5762660139698,95.59322292521848,255.50847457627117,199.3220442432468,"head"
"video_00_00119.jpg",73.13560873775158,82.03390089132017,140.25423728813558,156.610185008938,"head"
"video_00_00119.jpg",135.50846940380032,80.67796351545948,180.25424763307734,124.06780436887578,"head"
"video_00_00119.jpg",207.3728917008739,61.01694915254237,250,115.25423728813558,"head"
"video_00_00119.jpg",286.69490490929553,74.57627118644068,338.220370017876,132.20338983050846,"head"
"video_00_00119.jpg",259.57626084149894,61.01694915254237,290.76274289923197,102.37288394216763,"head"
"video_00_00117.jpg",132.79662051443324,79.32203907077594,175.50847974874205,131.52542114257812,"head"
"video_00_00117.jpg",172.79660499702064,74.57627118644068,239.23727779065146,155.9322033898305,"head"
"video_00_00117.jpg",200.5932306839248,54.91525682352357,248.72881355932202,101.69491525423729,"head"
"video_00_00117.jpg",260.932224079714,100.33899080955375,349.067817300053,210.16949152542372,"head"
"video_00_00117.jpg",227.03391899496822,81.35593220338983,312.4576374635858,159.32203389830508,"head"
"video_00_00117.jpg",456.8644378144862,107.79660758325608,535.5932203389831,208.1355983928098,"head"
"video_00_00117.jpg",511.7796817068326,98.30508474576271,688.0508681475105,303.050852630098,"head"
"video_00_00118.jpg",434.49153576867053,83.38983826718088,542.2881562831038,197.28815111063295,"head"
"video_00_00118.jpg",653.474555581303,322.71187992419226,800,600,"head"
"video_00_00118.jpg",210.08476645259532,102.37288394216763,284.661037639036,185.08474059024098,"head"
"video_00_00118.jpg",313.135593220339,82.71186957925053,386.3559528932733,162.71186440677965,"head"
"video_00_00118.jpg",200.5932306839248,46.10170267396054,245.33898305084745,90.16949928413003,"head"
"video_00_00118.jpg",136.864406779661,80.0000077587063,183.64407814155192,124.74576012562898,"head"
"video_00_00118.jpg",173.47458661612816,63.05085521633342,226.35596323821503,157.9660965224444,"head"
"video_00_00123.jpg",208.0508474576271,153.22035450046346,320.5932099940413,322.03389830508473,"head"
"video_00_00123.jpg",102.96610169491525,59.66102470785884,152.4576219461732,124.06780436887578,"head"
"video_00_00123.jpg",147.03389830508473,88.13559322033898,180.2542476330773,121.35592961715439,"head"
"video_00_00123.jpg",53.47458144365731,86.1017000877251,119.91525423728814,173.5593375513109,"head"
"video_00_00123.jpg",387.71186440677957,191.8644016071901,533.8983050847457,386.4406779661017,"head"
"video_00_00123.jpg",530.762701519465,428.47460730601165,789.7457834017479,600,"head"
"video_00_00123.jpg",499.57627118644064,332.881371449616,698.2203596729343,562.7118644067796,"head"
"video_00_00137.jpg",203.30510543564617,141.69492559917902,323.98304050251585,306.4406831385726,"head"
"video_00_00137.jpg",408.0508474576271,123.38983568094544,514.491556458554,208.813554149563,"head"
"video_00_00137.jpg",453.47460730601165,70.50847199003574,504.32206493313026,149.83052399198885,"head"
"video_00_00137.jpg",315.8474679720604,103.05085263009798,397.2034001754502,197.28815111063295,"head"
"video_00_00137.jpg",191.77967653436176,68.47457885742188,258.89830508474574,145.08475610765362,"head"
"video_00_00137.jpg",41.2711967856197,84.7457627118644,124.6610221216234,170.16950704283633,"head"
"video_00_00136.jpg",383.6440781415519,127.45763487735036,498.8983154296875,279.9999948275291,"head"
"video_00_00136.jpg",465.0000103449417,113.89831284345206,523.3050847457627,203.38983050847457,"head"
"video_00_00136.jpg",427.0339189949682,67.11864148156117,472.45762711864404,134.9152516510527,"head"
"video_00_00136.jpg",225.67795575675316,147.79660499702064,321.9491732322563,301.0169594974841,"head"
"video_00_00136.jpg",50.76270669193591,84.7457627118644,119.91525423728814,166.10169491525423,"head"
"video_00_00136.jpg",145.00000517247085,56.94914995613745,182.96609652244436,118.64406779661016,"head"
"video_00_00136.jpg",180.2542476330773,65.76271703687765,254.1525630627648,151.86441712460277,"head"
"video_00_00124.jpg",669.0677966101695,299.6610221216234,800,553.2203286381091,"head"
"video_00_00124.jpg",353.1356035652807,160.0000155174126,517.8813869670286,340.3389882233183,"head"
"video_00_00124.jpg",207.37289170087394,137.62712640277408,324.6610479839777,306.4406831385725,"head"
"video_00_00124.jpg",147.03389830508473,79.32203907077594,187.03390865002646,131.52542114257812,"head"
"video_00_00124.jpg",102.28814593816207,64.40677966101694,160.59322033898303,122.03389830508473,"head"
"video_00_00124.jpg",53.47458144365731,75.25423987437102,125.3389778783766,175.5932306839248,"head"
"video_00_00133.jpg",109.7457627118644,68.47457885742188,146.35594254833157,130.84746538582493,"head"
"video_00_00133.jpg",57.54236770888506,88.13559322033898,115.84746797206037,167.45763229111492,"head"
"video_00_00133.jpg",210.08476645259532,120.67797386040121,311.7796817068326,271.8644222970736,"head"
"video_00_00133.jpg",456.18643033302436,157.9660965224444,566.0169698424259,303.72880838685114,"head"
"video_00_00141.jpg",39.237303653005824,75.93220856230137,123.30508474576271,170.8474627995895,"head"
"video_00_00141.jpg",136.864406779661,65.0847483489473,181.610185008938,124.74576012562898,"head"
"video_00_00141.jpg",218.89829473980402,71.86440936589645,279.2372881355932,157.2881407656912,"head"
"video_00_00141.jpg",307.033887960143,73.89830249851032,367.3728813559322,150.50847974874205,"head"
"video_00_00141.jpg",448.728813559322,72.5423780538268,515.1695122153072,149.15254237288133,"head"
"video_00_00142.jpg",446.01693880760064,71.86440936589645,505.00002068988346,146.44069348351428,"head"
"video_00_00142.jpg",303.6440574516684,69.83051623328257,367.3728813559322,143.0508629750397,"head"
"video_00_00142.jpg",197.2034001754502,66.44068572480799,279.9152438923464,157.9660965224444,"head"
"video_00_00142.jpg",48.050857802568856,85.42373139979475,126.69491525423729,159.32203389830505,"head"
"video_00_00142.jpg",135.50846940380032,57.62711864406779,168.7288187317929,121.35592961715439,"head"
"video_00_00143.jpg",69.74577822927701,86.77966877565545,125.33897787837658,166.10169491525423,"head"
"video_00_00143.jpg",194.4915254237288,65.0847483489473,283.30507440082096,160.0000155174126,"head"
"video_00_00143.jpg",321.27121747550314,70.50847199003574,368.0508371126853,145.0847561076536,"head"
"video_00_00147.jpg",309.7457627118644,78.6440703828456,357.2033898305085,148.47458661612816,"head"
"video_00_00147.jpg",439.91528527211335,75.25423987437102,494.15257340770654,136.94915771484375,"head"
"video_00_00147.jpg",208.7288032143803,69.83051623328257,258.2203493279926,134.2372958942995,"head"
"video_00_00147.jpg",148.728813559322,68.13560097904526,208.389851198358,161.69493077164987,"head"
"video_00_00147.jpg",58.22034932799258,85.42373139979475,118.55931686142742,172.88135593220338,"head"
"video_00_00147.jpg",129.40679000595867,60.33898046461202,163.3050950907044,115.25423728813558,"head"
"video_00_00147.jpg",248.05085780256886,71.86440936589645,287.3729123907574,133.55932720636918,"head"
"video_00_00144.jpg",464.32205458818856,76.61017725023173,526.0169594974841,149.15254237288136,"head"
"video_00_00148.jpg",244.66102729409428,65.0847483489473,289.40677966101697,132.20338983050846,"head"
"video_00_00148.jpg",178.89831025721662,58.98305601992849,247.37290204581566,155.9322033898305,"head"
"video_00_00148.jpg",53.47458144365731,86.77966877565545,121.27119161314883,162.71186440677965,"head"
"video_00_00148.jpg",305.67797644663665,77.96610169491525,360.59322033898303,151.18643550549524,"head"
"video_00_00148.jpg",456.18643033302436,71.86440936589645,510.4237184686176,147.11864924026747,"head"
"video_00_00156.jpg",49.406795178429554,82.03390089132017,113.13559322033899,164.06780178264034,"head"
"video_00_00156.jpg",165.33898822331832,53.559319447662865,249.4067693160752,169.4915254237288,"head"
"video_00_00156.jpg",305.00002068988346,78.6440703828456,357.20338983050846,141.0169439800715,"head"
"video_00_00156.jpg",452.7965998245498,118.64406779661016,531.4407090009269,195.2542321156647,"head"
"video_00_00156.jpg",460.2542683229608,76.61017725023173,521.2712174755031,137.62712640277408,"head"
"video_00_00153.jpg",161.27120195809056,61.69491784047272,260.2542683229608,160.0000155174126,"head"
"video_00_00153.jpg",39.915259409759,77.2881330069849,123.98306636487023,170.16950704283633,"head"
"video_00_00153.jpg",455.50847457627117,80.67796351545948,526.6949152542372,142.3728813559322,"head"
"video_00_00153.jpg",428.3898305084746,111.18643809173066,547.7118540618379,198.64406262413928,"head"
"video_00_00153.jpg",302.2881459381621,71.1864406779661,355.16952256024894,139.66103246656513,"head"
"video_00_00155.jpg",309.0678069551112,73.22034674175714,362.6271393339513,134.9152516510527,"head"
"video_00_00155.jpg",452.28814593816196,122.54237805382677,531.6101591465836,203.38983050847457,"head"
"video_00_00155.jpg",469.06779661016947,85.42373139979475,523.3050847457627,138.9830508474576,"head"
"video_00_00155.jpg",173.47458661612816,56.27119419938427,262.9660913499735,150.50847974874205,"head"
"video_00_00155.jpg",43.30508991823358,79.32203907077594,122.62712898900952,163.38984602588715,"head"
"video_00_00151.jpg",408.72880321438026,104.40677707478152,473.8135903568591,180.33899856826008,"head"
"video_00_00151.jpg",467.03392933990995,79.32203907077594,515.8474679720604,157.2881407656912,"head"
"video_00_00151.jpg",303.6440574516684,71.86440936589645,355.1695225602489,134.9152516510527,"head"
"video_00_00151.jpg",185.0000155174126,62.37288652840307,246.6949462890625,156.61018500893803,"head"
"video_00_00151.jpg",52.79662568690413,79.32203907077594,122.62712898900952,166.10169491525423,"head"
"video_00_00151.jpg",237.20341052039194,73.22034674175714,283.9830818822828,132.20338983050846,"head"
"video_00_00157.jpg",171.44069348351428,65.0847483489473,257.54239357123936,162.71186440677965,"head"
"video_00_00157.jpg",50.76270669193591,83.38983826718088,126.69491525423729,166.77967653436176,"head"
"video_00_00157.jpg",465.0000103449417,117.96609910867981,519.9152542372881,196.61016949152543,"head"
"video_00_00157.jpg",462.9660913499735,75.93220856230137,526.6949152542372,134.2372958942995,"head"
"video_00_00157.jpg",311.1017259500794,73.22034674175714,362.6271393339512,151.18643550549524,"head"
"video_00_00158.jpg",294.83052916445973,77.96610169491525,357.20338983050846,155.9322033898305,"head"
"video_00_00158.jpg",181.61018500893803,69.15254754535222,271.1017156051377,154.5762660139698,"head"
"video_00_00158.jpg",65.00001034494173,82.03390089132017,129.40679000595867,168.81356966697564,"head"
"video_00_00158.jpg",452.1186440677966,110.50848233497749,522.6271289890095,183.72882907673463,"head"
"video_00_00158.jpg",471.1017156051377,77.96610169491525,535.5084952661547,147.11864924026747,"head"
"video_00_00167.jpg",276.5254133838718,82.03390089132017,343.64406779661016,147.79660499702067,"head"
"video_00_00167.jpg",244.66102729409428,66.44068572480799,292.11865441273835,122.03389830508473,"head"
"video_00_00167.jpg",182.9660965224444,69.15254754535222,256.8644378144862,162.0339086500265,"head"
"video_00_00167.jpg",49.406795178429554,82.03390089132017,126.69491525423729,174.91524906481726,"head"
"video_00_00167.jpg",430.42374950344276,113.89831284345206,511.1017259500794,200,"head"
"video_00_00167.jpg",465.0000103449417,82.03390089132017,517.8813869670286,155.93220338983048,"head"